Work E-mail,Employee Number
aosman@abccorp.com,744320
arady@abccorp.com,109544
amayle@abccorp.com,598543
abradberry@abccorp.com,441780
ahuffaker@abccorp123.com,517449
aharger@abccorp.com,598980
atripodi@abccorp.com,669193
Aperdue@abccorp.com,879936
atobey@abccorp.com,399676
blalor@abccorp.com,474406
cbolte@abccorp.com,992521
cboden@abccorp.com,280612
cadmire@abccorp.com,749063
cheitman@abccorp.com,837099
chix@abccorp.com,369177
cpeden@abccorp.com,730150
csmathers@abccorp.com,806145
cwojtowicz@abccorp.com,679912
dbrunt@abccorp.com,938454
dgaron@abccorp.com,154990
dhoda@abccorp.com,121394
dhardman@abccorp.com,314178
dmarcotte@abccorp.com,996008
dblack1@abccorp.com,422521
dblack@abccorp.com,354836
eplatt@abccorp.com,182583
ehillary@abccorp.com,516112
emonte@abccorp.com,460140
epinette@abccorp.com,730322
efunkhouser@abccorp.com,101636
ehommel@abccorp.com,559266
ehugh@abccorp.com,134289
eporras@abccorp.com,422688
esharper@abccorp.com,463719
fgrabowski@abccorp.com,503597
fmoreles@abccorp.com,763436
gnigh@abccorp.com,486539
gbandy@abccorp.com,652655
htewell@abccorp.com,329683
hashmore@abccorp.com,262302
hmong@abccorp.com,363795
hgannon@abccorp.com,837452
jherron@abccorp.com,395039
jgaut@abccorp.com,372313
jpothier@abccorp.com,146181
jyeager@abccorp.com,847025
kmirelez@abccorp.com,749775
kraschke@abccorp.com,859879
kmulvey@abccorp.com,746829
kparr@abccorp.com,305737
kschor@abccorp.com,299989
lepley@abccorp.com,650012
lhuffstutler@abccorp.com,143929
lley@abccorp.com,859753
lkall@abccorp.com,211965
lprall@abccorp.com,170086
lbober@abccorp.com,710750
leckenrode@abccorp.com,565985
lau@abccorp.com,996253
mcusimano@abccorp.com,443618
mtomes@abccorp.com,381998
mtrojacek@abccorp.com,129854
mbarbieri@abccorp.com,480862
mripple@abccorp.com,240228
mvazquez@abccorp.com,299464
mrafter@abccorp.com,795376
mtrim@abccorp.com,707218
mchaparro@abccorp.com,928545
mpfeiffer@abccorp.com,167376
mmontealegre@abccorp.com,972621
mrhymes@abccorp.com,184074
nbucholz@abccorp.com,729019
nbarthel@abccorp.com,621999
ncrownover@abccorp.com,913813
oehrlich@abccorp.com,779103
proda@abccorp.com,382853
pslone@abccorp.com,820537
rimmel@abccorp.com,200038
rgillen@abccorp.com,727426
rharshbarger@abccorp.com,368776
rseabrooks@abccorp.com,985789
rbarletta@abccorp.com,574853
rdegree@abccorp.com,922520
shipsher@abccorp.com,503408
screighton@abccorp.com,108883
smolter@abccorp.com,402795
sharman@abccorp.com,617479
sgillikin@abccorp.com,543535
tpersinger@abccorp.com,550530
tcocke@abccorp.com,154790
tducan@abccorp.com,121820
tchittenden@abccorp.com,586935
tschooley@abccorp.com,773629
tpaiz@abccorp.com,544125
vkirkendall@abccorp.com,768045
vmilbrandt@abccorp.com,347433
vgremillion@abccorp.com,905191
yyeh@abccorp.com,338220
yvoll@abccorp.com,940199
zmcbeath@abccorp.com,566661
